{
  "timestamp": "2025-11-14 21:54:16",
  "training": {
    "epochs": 50,
    "final_train_loss": 0.07768387099107106,
    "final_val_loss": 1.3738122582435608,
    "min_val_loss": 0.9708234071731567,
    "min_val_loss_epoch": 9
  },
  "evaluation": {
    "mse": 0.11546311942893243,
    "rmse": 0.3397986454195079,
    "mae": 0.16261585302425488,
    "mape": 0.67431141379531,
    "r2": 0.5661922003124535
  },
  "baseline_comparison": {
    "LSTM": {
      "name": "LSTM",
      "mse": 0.8443709015846252,
      "rmse": 0.9188965559005737,
      "mae": 0.5845816135406494,
      "mape": 238.49549865722656,
      "r2": 0.04098433256149292
    },
    "Transformer": {
      "name": "Transformer",
      "mse": 0.8469547033309937,
      "rmse": 0.9203014373779297,
      "mae": 0.5896664261817932,
      "mape": 278.31536865234375,
      "r2": 0.03804969787597656
    },
    "iTransformer": {
      "name": "iTransformer",
      "mse": 0.37100857496261597,
      "rmse": 0.6091047525405884,
      "mae": 0.304225355386734,
      "mape": 191.9714813232422,
      "r2": 0.5786175727844238
    }
  },
  "attention_analysis": {},
  "uncertainty_analysis": {
    "mean_uncertainty": 0.6363893151283264,
    "std_uncertainty": 0.29940065741539,
    "coverage_95": 96.35802469135803,
    "coverage_90": 90.0
  }
}